Year,"Afghanistan, Rep. of.",Albania,Algeria,Angola,Antigua and Barbuda,Argentina,Armenia,Australia,Austria,Azerbaijan,"Bahamas, The",Bahrain,Bangladesh,Barbados,Belarus,Belgium,Belize,Benin,Bhutan,Bolivia,Bosnia and Herzegovina,Botswana,Brazil,Brunei Darussalam,Bulgaria,Burkina Faso,Burundi,Cambodia,Cameroon,Canada,Cape Verde,Central African Republic,Chad,Chile,China,Colombia,Comoros,"Congo, Democratic Republic of","Congo, Republic of",Costa Rica,Côte d'Ivoire,Croatia,Cyprus,Czech Republic,Denmark,Djibouti,Dominica,Dominican Republic,Ecuador,Egypt,El Salvador,Equatorial Guinea,Eritrea,Estonia,Ethiopia,Fiji,Finland,France,Gabon,"Gambia, The",Georgia,Germany,Ghana,Greece,Grenada,Guatemala,Guinea,Guinea-Bissau,Guyana,Haiti,Honduras,Hong Kong SAR,Hungary,Iceland,India,Indonesia,"Iran, Islamic Republic of",Ireland,Israel,Italy,Jamaica,Japan,Jordan,Kazakhstan,Kenya,Kiribati,Korea,Kuwait,Kyrgyz Republic,Lao People's Democratic Republic,Latvia,Lebanon,Lesotho,Liberia,Libya,Lithuania,Luxembourg,"Macedonia, Former Yugoslav Republic of",Madagascar,Malawi,Malaysia,Maldives,Mali,Malta,Mauritania,Mauritius,Mexico,Moldova,Mongolia,Morocco,Mozambique,Myanmar,Namibia,Nepal,Netherlands,New Zealand,Nicaragua,Niger,Nigeria,Norway,Oman,Pakistan,Panama,Papua New Guinea,Paraguay,Peru,Philippines,Poland,Portugal,Qatar,Romania,Russia,Rwanda,Samoa,São Tomé and Príncipe,Saudi Arabia,Senegal,Serbia,Seychelles,Sierra Leone,Singapore,Slovak Republic,Slovenia,Solomon Islands,South Africa,Spain,Sri Lanka,St. Kitts and Nevis,St. Lucia,St. Vincent and the Grenadines,Sudan,Suriname,Swaziland,Sweden,Switzerland,Syrian Arab Republic,Taiwan Province of China,Tajikistan,Tanzania,Thailand,"Timor-Leste, Dem. Rep. of",Togo,Tonga,Trinidad and Tobago,Tunisia,Turkey,Turkmenistan,Uganda,Ukraine,United Arab Emirates,United Kingdom,United States,Uruguay,Uzbekistan,Vanuatu,Venezuela,Vietnam,"Yemen, Republic of",Zambia,Zimbabwe
1999,3.52,3.284,48.641,6.153,0.836,283.523,1.845,389.652,216.422,4.581,7.684,7.528,51.271,2.952,12.138,258.246,1,3.677,0.399,8.285,4.686,5.484,599.642,6.309,13.637,3.39,0.808,3.517,11.566,678.412,0.597,0.999,1.535,75.579,1103.843,86.279,0.382,4.319,2.354,14.255,18.871,23.777,10.498,65.587,177.888,0.536,0.332,22.137,19.645,90.711,11.284,0.621,0.689,5.757,7.893,1.936,135.234,1486.916,4.663,0.815,2.8,2213.873,7.718,137.131,0.482,18.318,5.047,0.579,0.695,4.154,6.415,165.768,49.16,8.982,458.821,140.001,104.656,98.894,121.417,1255.005,8.887,4635.982,8.15,16.871,12.896,0.077,445.557,30.122,1.249,1.473,7.324,17.391,0.913,0.442,35.976,11.022,21.899,3.864,4.278,2.584,79.148,0.589,3.441,4.112,1.986,4.402,631.249,1.171,1.057,46.266,6.285,8.487,3.869,5.034,447.779,58.762,4.856,2.538,59.145,162.384,17.833,62.974,11.661,3.477,8.837,50.187,85.64,170.704,127.47,12.393,35.953,195.907,2.157,0.255,0.047,161.717,6.593,20.879,0.663,0.669,86.287,30.496,22.61,0.488,151.517,634.395,15.656,0.407,0.922,0.391,10.682,0.886,1.377,274.32,297.874,15.874,298.825,1.087,12.704,126.669,0.27,2.227,0.199,6.809,22.943,181.69,2.451,5.999,31.581,84.445,1687.83,9631.172,23.984,17.078,0.268,97.973,28.684,7.639,3.404,6.858
2000,3.52,3.585,54.79,9.13,0.901,284.204,1.912,416.168,196.182,5.273,8.076,9.063,53.37,3.06,12.737,236.792,1.139,3.52,0.461,8.398,5.568,5.788,655.448,6.571,13.246,2.968,0.87,3.694,10.567,744.773,0.539,0.917,1.389,78.34,1223.755,99.875,0.351,4.303,3.22,15.014,16.578,22.134,9.986,62.176,164.044,0.551,0.333,24.306,17.539,99.839,11.785,1.046,0.706,5.687,8.242,1.678,125.968,1360.959,5.08,0.783,3.057,1966.981,4.983,125.76,0.52,19.289,4.367,0.391,0.713,6.814,7.187,171.669,47.276,9.026,468.396,165.021,96.44,100.208,136.512,1149.661,9.005,4968.359,8.461,18.292,12.705,0.075,511.961,37.719,1.37,1.735,7.761,17.26,0.887,0.874,38.271,11.551,21.23,3.773,4.629,2.537,93.79,0.624,2.961,4.037,1.78,4.726,742.061,1.288,1.137,43.017,5.931,8.905,3.922,5.494,417.649,52.623,5.11,2.242,69.171,171.457,22.26,99.485,11.966,3.521,8.856,51.745,83.67,172.954,118.605,17.76,37.254,259.71,2.069,0.259,0.046,189.515,6.013,7.326,0.654,0.636,96.077,29.216,20.159,0.42,151.753,598.103,16.331,0.422,0.933,0.428,12.257,0.948,1.39,262.905,279.216,18.937,321.374,0.861,13.372,126.392,0.316,2.107,0.205,8.154,21.474,198.23,2.905,6.193,32.375,104.337,1665.535,10250.952,22.823,13.761,0.272,117.146,31.173,9.679,3.601,6.69
2001,2.81,4.059,59.413,8.936,0.878,268.697,2.118,379.629,196.477,5.708,8.318,8.976,53.991,3.054,12.355,236.746,1.173,3.666,0.496,8.142,5.801,5.49,559.984,6.096,14.183,3.19,0.877,4.146,10.953,738.982,0.563,0.933,1.711,71.575,1355.037,98.201,0.379,5.155,2.794,15.976,16.811,23.067,10.398,68.135,164.882,0.572,0.377,25.602,23.127,96.685,12.283,1.461,0.752,6.25,8.231,1.652,129.52,1370.377,5.023,0.687,3.219,1966.381,5.315,132.05,0.52,18.405,4.126,0.413,0.712,6.332,7.651,169.404,53.8,8.235,485.44,160.447,115.435,109.347,135.002,1172.041,9.195,4374.712,8.976,22.153,12.986,0.065,481.979,34.89,1.525,1.762,8.191,17.65,0.826,0.906,34.112,12.261,21.388,3.71,5.438,2.498,92.784,0.87,3.468,4.071,1.746,4.676,796.065,1.481,1.268,43.831,5.65,6.478,3.557,6.007,432.536,53.872,5.352,2.449,73.558,174.239,22.206,97.146,12.253,3.081,8.496,52.03,78.921,191.823,121.604,17.538,40.395,306.602,1.967,0.266,0.048,184.138,6.508,13.599,0.662,1.681,89.794,30.727,20.669,0.41,135.43,627.799,15.75,0.459,0.893,0.462,15.716,0.834,1.261,242.499,286.583,20.237,291.889,1.081,13.564,120.296,0.368,2.093,0.181,8.825,22.066,143.096,3.535,5.841,39.31,103.312,1649.827,10581.929,20.899,11.401,0.258,122.911,32.685,9.853,4.094,6.777
2002,4.084,4.515,61.516,15.286,0.898,97.724,2.376,395.789,212.837,6.236,8.881,9.594,54.724,3.107,14.595,258.384,1.245,4.194,0.559,7.905,6.728,5.439,509.795,6.333,16.403,3.622,0.825,4.501,12.417,760.649,0.621,0.996,1.997,70.264,1489.822,97.946,0.426,5.539,3.02,16.579,18.054,26.758,11.42,82.608,178.788,0.591,0.375,27.137,27.054,85.146,12.664,1.807,0.729,7.37,7.851,1.833,140.361,1492.428,5.335,0.578,3.396,2102.351,6.166,150.254,0.54,20.444,4.302,0.467,0.726,6.206,7.858,166.349,67.636,9.318,514.939,195.661,116.421,128.596,125.332,1281.746,9.719,4182.846,9.583,24.637,13.148,0.075,547.856,38.136,1.606,1.83,9.249,19.152,0.776,0.927,20.482,14.282,23.65,4.018,5.352,5.087,100.846,0.897,3.908,4.455,1.777,4.906,810.666,1.662,1.397,47.077,5.951,6.778,3.349,6.051,475.53,66.628,5.224,2.782,95.054,195.915,23.066,97.923,12.801,3,7.196,54.778,84.307,199.694,134.796,19.364,46.066,345.47,1.966,0.282,0.054,189.606,7.006,17.931,0.742,1.934,92.538,35.244,23.215,0.346,129.088,708.938,16.537,0.481,0.9,0.488,18.137,1.094,1.194,267.373,309.301,20.669,294.876,1.221,14.13,134.301,0.343,2.41,0.183,9.008,23.142,182.973,4.462,6.179,43.956,109.816,1785.73,10929.108,13.607,9.688,0.263,92.894,35.064,10.693,4.194,6.342
2003,4.585,5.802,73.482,17.813,0.948,127.587,2.807,467.739,260.78,7.276,8.87,11.075,60.159,3.21,17.825,318.083,1.309,5.349,0.652,8.082,8.499,7.512,558.234,7.168,21.145,4.741,0.785,5.047,15.97,895.541,0.814,1.142,2.743,76.493,1683.903,94.645,0.547,5.681,3.571,17.272,21.252,35.245,14.547,100.436,218.421,0.622,0.373,21.403,30.965,80.288,13.244,2.485,0.87,9.877,8.624,2.3,171.613,1835.096,6.512,0.487,3.991,2534.716,7.633,196.931,0.591,21.576,5.025,0.554,0.743,5.072,8.23,161.386,85.19,11.429,607.701,234.772,133.969,164.671,131.409,1582.93,9.43,4519.562,10.196,30.834,14.905,0.096,608.337,47.875,1.919,2.149,11.244,20.083,1.158,0.748,26.266,18.809,29.667,4.946,6.372,4.67,110.202,1.052,4.714,5.418,2.051,5.895,765.55,1.981,1.595,58.029,6.584,10.467,4.926,6.33,582.436,88.251,5.322,3.394,104.739,229.385,24.734,112.372,13.603,3.536,7.691,58.731,87.039,218.561,165.226,23.534,57.806,430.347,2.138,0.333,0.059,215.808,8.769,23.593,0.751,2.143,97.646,46.616,29.361,0.418,197.019,907.963,18.882,0.47,0.987,0.509,21.355,1.274,1.907,334.074,362.075,21.828,299.606,1.555,15.211,152.281,0.336,2.988,0.202,11.305,27.454,240.596,5.977,6.607,52.01,124.346,2054.423,11456.45,12.046,10.134,0.314,83.621,39.553,11.778,4.902,5.728
2004,5.971,7.407,91.914,23.552,1.026,164.658,3.577,614.66,299.21,8.68,9.055,13.15,65.109,3.445,23.142,369.215,1.401,6.19,0.735,8.773,10.157,8.957,669.289,8.619,26.158,5.452,0.915,5.883,18.826,1026.69,0.925,1.272,4.423,99.076,1984.197,117.092,0.634,6.539,4.349,18.611,23.511,41.836,17.321,120.148,251.986,0.666,0.397,22.322,35.195,78.782,13.725,4.411,1.109,12.149,10.131,2.708,197.458,2109.792,7.77,0.962,5.125,2852.318,8.881,234.98,0.599,23.577,5.301,0.582,0.788,6.087,8.869,169.1,104.015,13.825,709.153,256.837,161.261,194.372,140.048,1812.809,10.175,4893.116,11.412,43.152,16.095,0.104,681.227,59.439,2.212,2.508,13.827,21.16,1.511,0.897,33.122,22.743,35.065,5.683,5.065,5.059,124.749,1.227,7.113,6.104,2.363,6.667,819.459,2.598,1.992,66.114,7.937,10.567,6.609,7.274,661.225,103.905,5.793,3.76,135.765,265.269,28.379,132.216,15.1,3.927,9.624,66.769,95.002,256.269,189.382,31.734,74.974,591.017,2.376,0.408,0.064,258.742,10.077,26.846,0.893,2.237,115.034,57.215,34.157,0.468,255.807,1069.829,20.663,0.507,1.067,0.55,26.646,1.484,2.386,384.547,403.913,25.087,322.299,2.076,16.673,172.896,0.339,3.192,0.231,13.28,31.184,302.561,6.838,7.939,67.22,147.824,2421.525,12217.196,13.686,12.03,0.365,112.451,45.428,13.868,6.221,5.806
2005,7.309,8.257,107.047,36.971,1.144,198.737,4.9,695.693,313.952,13.245,9.836,15.969,69.476,3.82,30.21,385.715,1.475,6.568,0.86,9.549,11.223,9.919,891.634,10.547,29.869,6.146,1.117,7.066,19.51,1173.109,0.999,1.338,8.656,122.294,2317.551,145.601,0.654,7.096,5.981,20.041,24.037,45.013,18.433,137.264,265.15,0.709,0.391,35.778,40.279,89.66,14.698,8.217,1.098,14.109,12.401,2.98,204.859,2192.146,9.583,1.028,6.411,2893.393,10.745,242.316,0.696,26.783,4.282,0.64,0.825,7.03,9.757,181.569,113.098,16.853,820.384,285.869,188.479,211.877,147.52,1864.982,11.244,4831.467,12.589,57.124,18.738,0.114,791.572,80.799,2.46,2.887,16.307,21.497,1.682,0.949,47.335,26.105,37.672,6.259,5.859,5.32,143.534,1.163,8.01,6.393,2.936,6.576,917.572,2.988,2.523,68.853,8.869,11.987,7.248,8.13,688.134,114.72,6.321,4.383,175.671,309.979,35.507,145.209,16.624,4.866,10.738,76.061,107.42,307,197.254,44.53,98.454,764.016,2.934,0.477,0.072,328.46,11.009,28.334,0.978,2.545,127.808,62.548,35.948,0.553,288.867,1154.668,24.406,0.547,1.136,0.58,35.183,1.793,2.609,391.69,418.285,28.859,346.651,2.312,18.395,189.318,0.35,3.222,0.262,15.982,32.272,362.461,8.104,9.239,89.239,180.617,2543.18,13039.197,17.363,14.308,0.395,145.513,57.633,16.732,8.332,5.755
2006,8.399,9.151,123.084,52.381,1.304,232.557,6.384,748.418,333.906,20.982,10.167,18.505,71.796,4.217,36.962,408.26,1.591,7.034,0.943,11.452,12.865,9.919,1107.627,12.645,34.381,6.547,1.273,8.351,20.911,1319.265,1.15,1.462,9.71,153.844,2791.498,161.793,0.698,8.543,7.399,22.716,25.281,49.59,20.073,156.236,283.386,0.769,0.417,37.88,45.691,107.426,16,10.087,1.211,17.026,15.281,3.076,217.044,2317.862,10.328,1.054,7.745,3046.309,20.885,269.073,0.699,29.744,4.22,0.635,2.38,7.639,10.917,193.535,115.604,17.465,940.26,364.571,212.492,232.181,158.901,1958.564,11.93,4601.663,15.057,81.004,25.826,0.112,888.267,101.557,2.834,3.437,20.435,22.023,1.8,1.119,60.094,30.116,42.91,6.861,6.396,5.818,162.692,1.575,8.859,6.75,3.92,7.029,1020.265,3.408,3.414,75.884,9.51,14.503,8.002,9.044,737.594,111.539,6.764,4.756,238.455,346.915,42.578,161.871,18.66,8.355,13.429,88.643,127.653,345.898,208.756,60.882,122.024,989.932,3.32,0.5,0.079,376.9,11.698,33.298,1.081,3.264,148.627,70.752,39.26,0.617,303.859,1261.847,28.28,0.644,1.268,0.644,45.264,2.626,2.637,422.53,441.635,33.752,355.708,2.83,18.62,221.758,0.356,3.321,0.292,18.369,34.377,392.424,10.277,9.978,111.885,222.117,2708.442,13815.583,19.741,17.331,0.439,183.478,66.372,19.063,12.757,5.444
2007,9.892,11.117,142.483,65.266,1.487,287.531,9.206,855.007,386.76,33.049,10.618,21.73,79.612,4.676,45.276,470.922,1.707,8.169,1.256,13.12,15.779,10.567,1397.114,13.432,44.431,7.626,1.356,10.128,23.928,1468.82,1.313,1.7,10.865,172.491,3604.056,206.23,0.796,8.953,6.06,26.885,28.76,59.298,23.969,190.041,320.213,0.848,0.445,43.965,49.849,130.438,17.012,13.072,1.318,22.45,19.708,3.378,256.36,2655.817,12.455,1.28,10.173,3484.057,24.827,314.227,0.759,33.568,6.282,0.753,2.731,9.229,12.361,211.597,140.123,21.653,1216.736,432.217,225.929,270.079,184.681,2222.524,12.8,4579.751,17.11,104.85,31.958,0.138,942.975,114.634,3.803,3.998,29.42,24.827,1.682,1.373,68.033,39.729,51.587,8.336,8.525,6.451,193.55,1.868,10.289,7.908,4.346,8.15,1102.356,4.401,4.235,86.948,10.811,20.182,8.84,10.326,853.499,137.189,7.423,5.731,278.261,402.643,48.3,184.141,21.717,9.545,17.856,102.171,155.98,429.715,240.496,79.712,174.589,1299.703,4.071,0.574,0.09,415.965,13.994,44.888,1.077,3.633,180.942,86.588,47.88,0.695,333.077,1476.746,32.35,0.689,1.336,0.714,59.44,2.937,2.726,490.05,490.741,40.465,365.317,3.72,21.86,262.943,0.493,3.76,0.299,21.642,38.915,432.512,12.664,11.903,148.734,257.916,3090.51,14474.228,23.798,22.311,0.516,230.364,77.414,21.651,14.057,5.292
2008,11.513,13.259,180.384,88.539,1.558,361.558,11.662,1056.112,429.234,48.851,10.526,25.711,91.637,4.79,60.752,517.328,1.739,9.788,1.318,16.674,19.113,10.731,1695.855,15.926,54.481,9.451,1.612,12.174,27.715,1552.99,1.449,1.993,13.386,179.895,4667.346,242.504,0.916,9.954,6.878,30.802,34.078,68.479,27.845,236.506,354.979,0.999,0.48,48.091,61.139,162.818,17.987,19.75,1.38,24.343,27.067,3.523,285.699,2926.803,15.571,1.562,12.795,3808.786,28.679,351.121,0.826,38.504,6.964,0.953,3.025,10.433,13.882,219.279,158.228,18.075,1198.895,510.229,241.006,275.447,221.232,2417.508,13.709,5106.679,22.659,133.442,35.895,0.147,1000.53,147.38,5.14,4.448,34.135,29.119,1.767,1.726,86.711,47.831,58.844,9.91,10.725,7.744,230.812,2.272,12.262,9.135,5.206,9.99,1161.553,6.055,5.623,101.823,12.92,31.863,8.607,12.545,957.902,133.437,8.497,7.298,339.476,464.918,69.805,202.204,25.721,11.671,24.615,120.551,181.625,535.612,263.416,115.27,214.316,1660.848,5.18,0.641,0.098,519.797,16.854,54.221,0.98,4.158,193.617,100.83,55.509,0.776,316.131,1636.115,40.714,0.778,1.438,0.733,64.833,3.533,2.788,514.617,567.268,52.558,389.991,5.161,27.948,291.383,0.53,4.579,0.344,27.872,44.859,455.538,19.272,14.44,188.11,315.475,2929.412,14769.862,31.12,29.549,0.591,315.953,99.13,26.911,17.911,4.416
2009,13.318,12.336,150.317,70.307,1.387,332.976,8.648,928.762,399.29,44.292,9.982,22.938,102.475,4.467,50.873,485.015,1.689,9.739,1.331,17.34,17.614,10.118,1666.996,11.913,52.024,9.451,1.781,12.503,27.933,1374.625,1.755,2.067,12.318,171.778,5189.577,232.469,0.905,11.104,8.632,30.746,33.887,62.322,26.048,206.972,322.619,1.049,0.516,48.224,60.095,189.147,17.602,15.028,1.857,19.634,32.437,2.871,253.481,2700.076,12.114,1.45,10.767,3479.801,26.049,326.829,0.771,37.126,6.717,0.89,3.166,11.597,14.587,214.048,130.807,13.154,1341.888,539.58,331.757,236.443,213.403,2209.484,12.12,5289.493,24.538,115.309,42.347,0.14,800.294,105.969,4.69,5.721,25.692,35.4,1.741,1.768,60.809,37.494,54.467,9.402,9.617,9.01,202.257,2.345,12.592,8.735,4.715,9.129,943.437,5.439,4.584,101.155,12.264,36.906,8.939,12.855,878.954,121.663,8.299,7.352,295.009,387.976,55.454,187.338,27.791,11.619,22.355,120.823,175.975,440.891,244.668,97.798,174.111,1222.646,5.674,0.628,0.189,429.098,16.146,46.956,0.851,3.953,194.15,89.343,49.976,0.806,329.754,1496.588,42.066,0.774,1.402,0.714,51.621,3.875,2.929,434.314,554.213,54.112,357.344,4.979,29.401,281.711,0.599,4.722,0.312,19.172,43.456,593.533,20.214,25.128,121.552,253.547,2412.84,14478.067,32.708,33.689,0.593,329.788,106.015,25.13,15.328,9.666
2010,15.406,12.087,177.785,83.799,1.298,423.627,9.26,1148.838,389.828,52.909,10.096,26.806,115.276,5.191,57.232,481.557,1.746,9.535,1.709,19.65,17.176,12.637,2208.838,13.707,50.689,10.11,2.032,13.809,27.508,1617.343,1.885,2.143,14.059,217.051,6192.565,286.499,0.908,12.304,12.142,37.659,34.936,58.982,25.8,211.169,322.346,1.129,0.52,53.801,68.151,218.984,18.448,16.314,1.59,19.524,29.934,3.14,249.43,2646.23,14.373,1.543,12.427,3468.154,32.198,296.418,0.771,40.677,6.853,0.94,3.433,11.859,15.839,228.639,131.899,13.751,1675.616,755.094,358.878,221.986,239.679,2144.936,13.221,5759.072,27.134,148.047,45.406,0.165,855.384,115.416,4.794,6.053,23.468,38.444,2.235,1.998,75.381,36.638,56.214,9.407,9.983,10.128,255.018,2.588,13.197,9.097,5.629,10.004,1105.424,6.975,7.189,100.865,11.412,49.541,11.431,16.003,852.465,146.888,8.759,7.851,366.99,431.052,64.993,196.71,30.231,14.251,27.261,147.528,208.369,478.112,238.444,125.122,170.064,1524.917,6.125,0.68,0.197,528.207,16.121,43.537,0.982,4.263,239.808,91.112,47.793,0.898,417.364,1427.989,58.636,0.779,1.482,0.72,58.963,4.368,3.038,492.753,598.851,61.391,385.165,5.642,32.013,341.105,0.706,4.746,0.367,22.158,46.206,590.701,22.583,26.673,141.209,300.189,2485.483,15048.971,41.95,49.766,0.671,393.192,147.201,30.907,20.266,12.042
2011,16.282,12.974,218.332,111.79,1.287,530.158,10.142,1398.611,428.955,65.953,10.07,29.915,128.607,5.342,61.762,527.197,1.827,10.693,1.978,23.963,18.644,15.111,2616.156,18.525,57.681,12.08,2.236,16.033,30.631,1793.327,,2.438,16.685,251.383,7671.757,334.966,1.023,,,42.763,36.694,62.904,27.642,231.429,344.316,1.239,0.532,57.948,78.987,235.99,20.284,21.357,2.065,23.304,31.953,3.779,275.127,2870.409,18.21,1.41,15.475,3824.829,39.337,283.228,0.779,46.876,6.785,1.157,3.691,13.009,17.71,248.514,141.713,15.222,1823.052,892.969,,241.337,268.095,2306.974,14.445,6233.147,29.524,192.626,46.869,0.196,947,154.039,6.198,,26.576,39.927,2.579,2.398,48.169,43.187,61.696,10.495,11.552,11.648,297.952,2.774,15.507,9.789,6.765,11.518,1229.014,8.414,10.41,110.081,14.619,59.977,12.523,21.574,913.141,168.485,9.774,8.773,414.467,501.361,77.498,230.587,35.688,17.985,33.756,171.762,234.217,527.849,245.427,167.775,192.624,2045.923,6.885,0.744,,680.661,17.814,51.251,1.059,4.862,279.356,99.705,51.199,1.064,458.199,1487.569,67.753,0.836,1.568,0.714,55.019,4.422,,570.541,715.888,67.539,399.667,6.523,34.657,370.819,,5.422,0.414,25.433,48.123,,29.233,27.872,169.334,360.833,2663.806,15599.732,50.342,60.179,0.77,316.482,172.595,32.726,23.46,14.102
2012,19.248,12.246,227.144,128.053,1.365,545.982,10.619,1547.532,406.75,69.68,10.72,31.963,133.311,5.271,65.686,498.414,1.909,11.141,1.973,27.084,17.227,13.907,2465.228,19.048,54.297,12.561,2.333,17.827,30.155,1828.366,2.243,2.51,17.892,267.025,8673.665,370.691,1.016,14.525,13.186,47.232,36.302,57.552,25.047,210.363,326.793,1.354,0.52,60.562,87.735,279.117,21.386,22.388,2.677,23.237,43.311,3.972,257.443,2683.007,17.17,1.415,16.894,3597.897,41.272,238.841,0.8,49.594,7.638,1.049,4.063,13.709,18.529,262.629,128.47,14.752,1827.638,917.87,403.811,227.271,263.589,2097.929,14.807,6272.363,31.635,207.999,56.397,0.207,1005.74,174.048,6.605,7.069,27.116,44.017,2.478,2.792,92.541,42.709,59.776,9.745,11.579,8.773,314.443,2.886,14.892,9.61,6.728,11.669,1255.11,8.709,12.293,106.937,16.688,59.938,13.042,21.703,845.689,176.561,10.532,9.427,463.971,512.777,87.409,250.107,41.595,21.295,33.272,192.65,261.921,498.149,216.537,186.834,179.117,2208.294,7.655,0.773,0.221,751.921,17.661,45.103,1.089,6.142,295.093,94.724,46.167,1.185,434.401,1330.995,70.447,0.825,1.598,0.73,37.633,4.98,3.209,549.742,686.42,43.19,443.539,7.633,39.65,397.558,0.967,5.414,0.471,27.147,47.311,638.419,35.164,27.306,182.592,384.61,2707.09,16253.97,54.232,67.517,0.748,381.286,195.591,35.401,25.503,17.115
2013,21.555,12.797,229.701,132.339,1.325,552.025,11.121,1577.123,426.581,74.161,10.475,33.823,149.999,5.361,75.528,524.097,2.033,12.518,1.944,30.659,18.179,14.272,2472.82,18.094,55.819,13.444,2.452,19.807,33.729,1846.597,2.459,1.692,17.865,277.395,9743.124,382.094,1.116,15.975,12.783,50.95,42.76,59.852,23.96,213.024,344.631,2.044,0.545,62.555,96.57,288.434,21.991,21.949,3.124,25.451,47.648,4.19,270.268,2816.078,17.596,1.376,17.518,3808.086,62.846,236.556,0.843,52.996,8.377,1.11,4.168,14.902,18.5,275.697,135.646,16.125,1856.722,912.524,427.594,243.302,298.478,2153.226,14.264,5212.328,34.454,236.635,61.671,0.202,1087.25,174.168,7.335,7.688,29.152,46.88,2.367,3.177,75.351,46.304,65.203,10.818,12.424,8.032,323.276,3.295,15.769,10.797,7.223,12.293,1327.436,9.497,12.582,115.739,17.198,60.27,12.043,22.162,883.952,191.012,10.983,10.225,520.117,526.014,89.936,258.657,46.949,21.261,38.501,201.176,283.903,518.18,226.677,198.728,189.799,2292.47,7.82,0.798,0.237,769.756,18.919,50.456,1.333,7.503,307.576,99.134,47.867,1.286,400.886,1362.187,77.001,0.875,1.66,0.765,43.024,5.146,3.304,584.128,706.235,21.361,466.126,8.448,45.649,420.334,1.136,6.022,0.452,28.561,48.685,673.753,39.198,28.916,190.499,400.219,2784.854,16880.683,61.338,73.18,0.758,371.005,213.709,40.415,28.037,19.091
2014,24.304,13.296,238.943,135.967,1.379,526.32,11.61,1468.265,438.556,75.24,11.139,34.773,172.887,5.366,78.813,537.987,2.138,13.285,2.089,32.996,18.559,15.47,2456.044,17.098,57.081,13.943,2.706,22.041,36.387,1805.75,2.689,1.895,18.144,259.561,10674.533,381.241,1.15,17.352,12.671,52.016,48.843,59.612,23.226,210.911,352.833,2.221,0.572,67.014,102.718,305.595,22.593,21.765,3.663,27.056,55.612,4.857,273.479,2861.236,18.204,1.229,17.966,3965.801,54.679,233.912,0.911,57.852,8.778,1.135,4.128,15.147,19.757,291.46,141.129,17.868,2039.126,890.815,454.918,266.787,315.017,2173.256,13.899,4896.994,36.848,221.416,68.286,0.2,1167.69,162.65,7.468,8.374,30.277,48.095,2.441,3.226,57.372,48.307,68.805,11.362,12.523,8.801,338.066,3.697,16.943,11.888,6.593,13.074,1364.508,9.402,12.227,119.131,17.978,65.531,12.435,22.732,901.557,201.518,11.88,10.863,574.184,501.736,92.699,271.39,51.427,23.211,40.378,200.786,297.484,542.134,230.079,206.225,199.722,2059.242,8.239,0.797,0.258,787.153,19.797,49.114,1.388,7.686,314.864,101.713,49.514,1.336,381.199,1380.245,82.529,0.952,1.749,0.771,49.517,5.241,3.402,577.73,726.538,21.502,488.158,9.113,49.987,407.339,1.337,6.393,0.441,29.474,50.272,710.833,43.524,32.612,133.504,414.105,3064.708,17608.138,61.496,80.845,0.774,482.359,233.451,43.229,27.141,19.496
2015,19.13,11.47,187.494,90.496,1.437,594.749,10.553,1351.296,379.546,53.076,11.838,32.523,195.147,5.288,56.455,461.045,2.193,11.388,2.188,33,16.404,13.531,1802.212,12.93,50.766,11.832,3.104,24.174,32.21,1556.509,0,1.696,14.56,242.45,11280.815,293.492,0.966,0,0,56.442,45.815,51.005,19.909,189.108,301.759,2.424,0.583,70.967,97.21,329.367,23.438,13.185,4.256,23.312,64.589,4.682,233.211,2442.483,14.383,1.378,15.224,3423.568,49.437,194.567,0.997,62.186,8.794,1.152,4.28,14.85,20.98,309.386,125.244,17.517,2103.588,860.854,0,302.391,303.469,1845.428,14.189,4444.931,38.587,184.388,70.12,0.192,1392.95,114.586,6.678,0,26.345,49.929,2.36,3.227,48.718,41.541,60.072,10.065,11.323,9.219,301.355,4.13,15.583,11.341,6.167,12.007,1213.294,7.798,11.62,110.414,16.209,59.607,11.335,24.361,775.744,178.224,12.757,9.684,493.027,388.16,78.711,299.964,55.768,21.723,36.211,189.803,306.446,480.054,199.039,161.74,177.885,1363.482,8.544,0.824,0.326,693.414,17.775,41.297,1.432,6.788,307.999,89.179,42.709,1.308,346.71,1206.165,85.09,0.957,1.808,0.787,51.727,5.126,4.305,501.698,694.118,16.467,518.816,8.271,47.414,401.296,0,5.755,0.438,26.841,45.779,722.219,35.8,32.387,91.031,370.275,2927.911,18295.019,57.68,86.196,0.76,131.855,239.258,42.444,21.251,19.963
2016,18.12,11.989,180.764,52.762,1.49,557.532,10.546,1206.837,393.687,37.867,11.881,33.885,265.225,5.331,47.724,474.272,2.24,11.821,2.358,33.941,17.117,15.083,1795.693,11.4,53.929,12.833,2.644,26.557,33.814,1527.995,0,1.825,13.026,249.345,11456.024,282.72,1.013,0,0,58.847,48.408,52.655,21.046,198.161,312.182,2.605,0.613,75.553,97.671,332.442,24.191,11.241,4.809,24.561,74.297,4.93,238.778,2470.408,14.024,1.485,15.445,3537.784,56.144,193.097,1.062,66.053,8.596,1.245,4.483,14.069,21.718,320.86,128.984,20.793,2294.797,931.877,0,305.733,321.941,1887.111,14.077,5003.678,39.893,137.278,74.815,0.206,1450.05,109.407,6.813,0,27.117,51.147,2.114,3.398,49.912,42.971,62.217,10.672,11.849,7.91,301.256,4.41,16.744,12.026,6.399,12.594,1112.233,7.981,11.181,111.573,12.069,63.298,10.722,24.524,797.164,189.1,13.286,10.399,404.649,370.957,75.129,313.63,59.761,20.759,36.09,191.898,318.627,473.26,206.305,151.732,185.291,1276.786,8.695,0.844,0.356,689.279,19.04,42.225,1.569,6.084,319.646,90.347,44.291,1.379,323.586,1243.016,88,1.007,1.869,0.814,42.63,3.317,4.357,514.218,687.895,12.598,540.073,6.992,49.774,413.366,0,6.071,0.421,23.624,44.36,721.167,36.169,29.204,93.356,369.255,2689.107,18804.913,57.481,86.138,0.804,133.534,257.096,31.318,20.958,20.549
2017,18.75,13.258,189.881,73.69,1.535,643.628,11.527,1325.583,414.926,40.867,12.447,37.205,293.732,5.517,54.725,500.909,2.266,12.702,2.591,37.509,18.326,16.105,2063.515,12.128,59.168,14.107,2.724,29.356,36.099,1649.266,0,2.072,13.349,276.154,12537.559,311.867,1.077,0,0,60.516,52.512,56.186,22.947,221.564,331.611,2.763,0.563,79.07,104.467,248.363,24.979,12.201,5.478,27.469,81.771,5.353,253.846,2588.868,14.929,1.505,16.473,3763.092,60.385,200.381,1.126,71.654,10.325,1.47,4.748,15.093,23.136,341.273,143.335,24.728,2651.474,1015.619,0,348.532,358.452,1970.721,14.809,4930.837,41.608,166.806,82.037,0.223,1545.81,120.688,7.703,0,29.391,53.028,2.307,3.391,67.157,47.757,65.712,11.307,13.176,8.944,319.109,4.816,18.308,14.161,6.8,13.714,1190.721,9.514,11.481,118.541,13.265,66.053,12.895,28.972,848.234,206.746,13.786,11.185,375.746,401.745,80.857,339.206,64.328,22.743,38.997,211.008,328.481,528.357,220.863,161.099,210.147,1574.199,9.253,0.885,0.382,741.266,20.997,45.973,1.675,5.75,343.673,95.978,48.153,1.47,381.449,1321.754,94.369,1.057,1.999,0.844,41.284,3.592,4.445,536.084,695.201,16.37,565.374,7.536,53.275,456.357,0,6.387,0.46,23.848,42.164,761.44,37.926,30.744,112.091,390.517,2680.148,19612.102,65.006,69.703,0.88,144.227,281.354,26.842,25.874,51.075
2018,18.05,15.38,194.554,79.451,1.662,524.82,12.458,1427.809,452.582,47.112,12.819,39.568,321.363,5.63,60.031,542.639,2.293,14.262,2.583,40.288,20.484,17.032,1916.934,13.567,66.252,15.89,2.667,33.146,39.956,1725.329,0,2.221,15.327,295.858,14147.766,334.198,1.189,0,0,62.42,58.522,61.668,25.754,251.992,355.293,2.913,0.628,84.995,107.479,262.589,26.021,13.097,6.289,31.223,84.269,5.581,273.869,2781.576,16.867,1.671,17.903,4052.008,67.259,213.299,1.167,73.328,11.857,1.554,4.788,16.404,24.068,361.731,161.185,26.261,2702.93,1042.272,0,395.461,376.299,2099.435,15.731,5040.881,43.371,179.34,92.203,0.234,1649.08,138.646,8.271,0,33.248,54.902,2.556,3.423,76.686,54.262,71.086,12.683,13.76,9.879,358.789,5.404,20.368,16.154,7.474,14.736,1256.3,11.252,13.178,127.341,15.017,67.861,13.682,33.112,929.734,211.986,13.025,12.837,421.739,439.789,91.506,356.128,67.316,24.11,40.225,222.597,346.842,594.617,242.093,183.335,243.469,1657.329,9.638,0.878,0.413,886.565,23.117,52.788,1.784,6.391,377.124,106.612,53.689,1.615,405.261,1431.643,94.45,1.077,2.061,0.884,32.334,3.996,4.555,551.312,725.569,21.498,591.253,7.765,57.004,506.754,0,7.029,0.49,23.889,42.687,804.563,40.765,32.927,130.891,427.049,2871.34,20656.516,65.345,58.696,0.915,155.096,310.106,21.606,26.312,34.156
2019,18.8,15.585,193.46,70.898,1.726,447.755,13.619,1392.724,442.984,48.174,13.277,40.447,351.232,5.788,64.41,536.726,2.388,14.392,2.736,40.895,20.483,16.726,1873.288,13.469,68.634,16.033,2.577,36.685,39.668,1743.725,0,2.221,14.906,278.285,14560.167,323.032,1.195,0,0,64.418,60.383,61.468,26.197,256.794,345.401,3.089,0.644,89.146,107.596,318.679,26.881,11.364,7.23,31.874,95.913,5.444,267.015,2722.794,16.874,1.814,17.638,3957.208,68.353,207.306,1.213,77.172,13.443,1.589,5.174,15.016,24.882,363.075,164.937,24.681,2835.606,1119.1,0,407.125,400.645,2019.607,15.831,5117.994,44.503,181.667,100.378,0.217,1763.36,140.856,9.371,0,33.1,51.606,2.391,3.32,69.254,55.122,69.872,12.606,14.105,11.052,365.178,5.726,20.477,16.338,7.895,14.436,1304.106,11.737,14.206,128.92,15.513,75.065,12.542,34.186,928.903,213.006,12.699,12.89,474.517,408.743,88.061,320.909,69.779,24.751,37.925,228.346,376.823,602.684,240.116,176.371,251.677,1693.115,10.349,0.913,0.453,888.89,23.404,53.865,1.869,6.526,376.162,105.843,53.91,1.619,389.33,1403.496,88.999,1.108,2.095,0.91,32.338,4.016,4.657,532.169,721.369,22.583,618.101,8.301,61.027,543.977,0,6.993,0.494,23.588,41.906,851.773,45.233,35.353,153.883,417.99,2851.407,21539.982,62.222,67.294,0.937,170.41,334.365,0,23.309,25.716
2020,19.96,15.241,164.873,48.502,1.412,385.741,12.642,1328.414,434.398,42.693,10.363,35.838,373.979,5.168,61.372,529.694,2.043,15.687,2.458,36.63,20.226,14.96,1476.107,12.006,70.551,17.725,2.65,34.818,40.773,1655.685,0,2.327,14.933,254.042,14996.414,270.348,1.225,0,0,62.396,63.028,57.963,25.555,251.11,355.631,3.144,0.529,78.547,95.865,383.818,24.921,9.894,7.584,31.821,107.658,4.432,270,2647.926,15.342,1.812,16.011,3940.143,70.008,191.363,1.043,77.719,14.089,1.684,5.471,14.508,23.352,344.943,158.468,21.63,2674.852,1059.055,0,436.556,410.768,1907.481,13.812,5054.068,43.7,171.082,100.658,0.221,1898.76,111.045,8.27,0,33.38,31.712,2.054,3.176,46.854,57.412,73.671,12.361,13.051,11.769,337.456,3.713,20.699,16.41,8.261,11.408,1121.065,11.531,13.313,121.354,14.235,79.006,10.584,33.434,932.561,213.03,12.726,13.745,432.199,367.633,75.909,300.426,57.06,23.848,35.432,201.41,361.751,605.914,229.619,144.411,252.034,1493.076,10.174,0.869,0.5,767.951,24.531,55.874,1.383,6.694,349.166,107.733,53.385,1.536,337.975,1289.784,84.336,0.884,1.499,0.865,27.035,2.912,4.787,545.148,741.999,12.048,650.902,8.134,66.069,500.462,0,7.4,0.497,20.991,42.492,905.844,45.818,37.6,156.618,349.473,2696.778,21354.105,53.559,66.443,0.909,184.364,346.616,0,18.138,26.869
2021,14.26,18.032,186.231,66.505,1.602,486.564,13.879,1556.736,480.467,54.825,12.037,40.84,416.272,5.275,69.674,598.522,2.421,17.688,2.769,40.406,23.673,18.75,1670.647,14.006,84.414,19.698,2.776,36.79,45.012,2022.379,0,2.516,16.872,315.326,18201.699,318.525,1.299,0,0,64.961,72.795,69.007,30.373,290.973,408.378,3.393,0.563,94.851,107.179,424.672,29.043,12.216,2.254,37.205,111.262,4.305,294.223,2966.434,19.445,2.014,18.853,4348.297,79.514,218.304,1.123,86.456,17.069,1.879,8.041,20.877,28.144,368.954,183.283,25.77,3167.271,1186.51,0,531.307,489.852,2179.208,14.658,5039.148,46.296,197.112,109.704,0.285,1823.85,148.351,9.249,0,38.183,23.132,2.412,3.513,35.218,67.037,86.387,14,14.355,12.378,373.785,5.252,22.999,19.724,9.223,11.484,1316.569,13.692,15.286,142.022,16.168,66.345,12.402,36.925,1054.472,253.978,14.209,14.915,440.834,503.368,87.324,348.517,67.396,26.109,39.951,226.329,394.087,689.17,256.056,179.732,286.578,1829.187,11.079,0.844,0.534,982.661,27.521,66.16,1.487,7.173,436.591,120.561,61.529,1.523,420.887,1461.245,88.557,0.859,1.867,0.889,34.23,3.108,0,637.187,815.309,14.353,785.589,8.938,70.656,506.195,0,8.342,0.518,24.177,47.073,795.952,50.007,40.53,199.766,415.179,3143.323,23681.171,60.739,77.34,0.982,44.893,366.475,0,22.096,27.241
2022,14.5,19.017,225.638,104.4,1.867,632.79,19.514,1690.858,471.774,78.807,13.897,46.458,460.132,6.257,73.775,593.615,2.847,17.425,2.898,44.008,24.535,20.321,1951.924,16.682,90.509,18.82,3.339,39.995,44.347,2190.411,0,2.383,17.829,301.227,18316.765,345.632,1.28,0,0,69.244,70.923,71.199,30.936,301.831,401.946,3.563,0.623,113.478,116.133,476.748,31.87,13.688,2.484,38.376,126.773,4.97,280.253,2796.302,20.441,2.205,24.985,4163.596,73.919,218.881,1.232,95.641,19.91,1.839,14.718,20.254,31.426,358.68,177.537,28.696,3346.107,1319.101,0,548.57,525.181,2104.068,17.098,4262.463,48.765,225.496,114.449,0.27,1907.66,183.502,12.135,0,38.015,20.992,2.355,4.001,43.246,71.034,80.802,13.932,15.326,12.429,407.606,6.177,22.374,19.239,9.558,12.908,1466.465,14.525,17.146,130.952,18.884,62.253,12.569,41.183,1046.541,249.51,15.635,15.434,477.403,596.298,109.853,374.89,76.276,31.653,41.953,246.066,404.353,695.608,256.899,235.709,296.354,2291.612,13.316,0.833,0.573,1239.075,27.783,66.798,2.018,7.124,509.018,115.884,59.928,1.566,406.92,1446.498,74.143,0.98,2.343,0.989,51.667,3.792,0,579.896,828.509,23.623,850.528,10.714,75.77,495.645,0,8.169,0.518,28.51,44.949,844.534,58.972,45.565,161.99,502.732,3114.042,26006.893,70.594,90.096,1.031,43.546,413.445,0,29.164,32.79
2023,17.15,23.547,247.626,84.875,2.006,646.075,24.086,1728.057,511.685,72.428,15.271,46.192,437.415,6.721,72.479,644.655,3.067,19.673,3.019,45.135,27.592,19.411,2191.132,15.095,102.397,20.325,2.629,42.336,49.279,2173.34,,2.555,19.108,335.518,18270.357,366.292,1.431,,,86.498,79.618,84.394,33.887,343.207,407.092,3.917,0.659,120.456,121.147,395.926,33.854,12.338,,41.291,,5.442,294.951,3051.832,20.056,2.396,30.778,4525.704,80.547,243.498,1.324,104.368,22.408,2.078,16.919,19.851,34.356,381.066,214.023,31.452,3638.489,1371.169,,551.395,512.185,2304.605,19.423,4213.167,51.088,261.84,108.039,0.289,1839.06,165.384,15.181,,42.572,20.079,2.118,4.39,45.096,79.79,87.574,15.764,15.87,12.712,399.705,6.591,24.622,22.211,10.652,14.101,1793.799,16.712,20.325,144.417,20.954,66.758,12.408,41.048,1154.361,255.195,17.806,16.699,363.846,482.95,105.896,337.886,83.318,30.816,43.118,266.959,437.056,812.451,289.697,213.003,350.776,2071.506,14.332,0.938,,1218.585,30.696,81.343,2.187,6.412,505.44,133.897,69.148,1.661,380.699,1620.091,83.716,1.057,2.43,1.072,39.898,3.455,,585.49,894.425,19.993,755.67,12.244,79.062,515.906,,9.171,0.509,25.489,48.196,,60.629,48.769,181.222,514.13,3369.862,27720.709,77.992,102.642,1.126,,433.858,,27.578,35.231
2024,19,27.178,263.62,80.397,2.225,633.267,25.787,1752.193,521.642,74.316,15.833,47.737,450.119,7.165,75.962,664.564,3.516,21.483,3.111,49.668,28.343,19.401,2179.412,15.463,112.212,23.25,2.162,46.353,51.327,2241.253,,2.752,20.626,330.267,18743.803,418.542,1.546,,,95.35,86.538,92.526,36.333,345.037,429.457,4.086,0.689,124.282,124.676,389.06,35.365,12.766,,42.765,,5.841,299.836,3162.079,20.867,2.508,33.776,4659.929,82.825,257.145,1.391,113.2,25.334,2.12,24.836,25.224,37.094,407.107,222.905,33.463,3912.686,1396.3,,577.389,540.38,2372.775,19.93,4026.211,53.352,288.406,124.499,0.308,1869.92,160.227,17.478,,43.521,,2.272,4.75,46.636,84.869,93.197,16.685,17.421,11.009,421.972,6.975,26.588,24.322,10.767,14.953,1852.723,18.2,23.586,154.431,22.417,74.08,13.372,42.914,1227.544,260.236,19.694,19.538,187.76,483.727,106.943,373.072,86.26,32.538,44.458,289.222,461.618,914.696,308.683,217.983,382.768,2173.836,14.252,1.068,,1237.53,32.267,89.084,2.167,7.548,547.387,141.776,72.485,1.761,400.261,1722.746,98.963,1.067,2.549,1.157,49.91,4.714,,610.118,936.564,,775.02,14.205,78.78,526.411,,9.926,,26.429,53.41,,64.24,53.652,190.741,537.079,3643.834,29184.89,80.962,114.965,1.161,,476.388,,26.326,44.188
